{
    "morphology": [
        {
            "id": 0,
            "size": [
                0.7074484682641924,
                0.2776734342100099,
                0.41442419996019453
            ],
            "color": "#10b981",
            "rotation": [
                0,
                0,
                0
            ],
            "jointType": "REVOLUTE",
            "jointParams": {
                "speed": 2.4167708607856184,
                "phase": 0.11673575823589977,
                "amp": 0.5998072167392822
            },
            "attachFace": 3
        },
        {
            "id": 1,
            "size": [
                0.503546259738505,
                0.46034540098626164,
                0.48547635667491706
            ],
            "color": "#3b82f6",
            "parentId": 0,
            "rotation": [
                2.597939590923488,
                2.1961783710867167,
                -18.18073729518801
            ],
            "jointType": "SPHERICAL",
            "jointParams": {
                "speed": 5.551854801597074,
                "phase": 3.4076812546367576,
                "amp": 1.1319124792004005
            },
            "attachFace": 3,
            "parentOffset": [
                0.04299934124574066,
                -0.1279475576709956
            ],
            "childOffset": [
                0.1776547179091722,
                -0.24273817833745853
            ]
        },
        {
            "id": 2,
            "parentId": 0,
            "size": [
                0.5363530029542745,
                0.39233499348629264,
                0.4434903366724029
            ],
            "color": "#8b5cf6",
            "rotation": [
                7.385045466944575,
                1.6535972151905298,
                3.364206221885979
            ],
            "jointType": "SPHERICAL",
            "jointParams": {
                "speed": 2.448933316860348,
                "phase": 5.29811932809077,
                "amp": 0.14734428375959396
            },
            "attachFace": 3,
            "parentOffset": [
                0.1443816929589957,
                0.20721209998009726
            ],
            "childOffset": [
                0.09284564428962765,
                -0.03052460411563518
            ]
        },
        {
            "id": 3,
            "parentId": 2,
            "size": [
                0.5477669447660447,
                0.34760538449045275,
                0.4010936110280454
            ],
            "color": "#f43f5e",
            "rotation": [
                13.24137847404927,
                -17.202095426619053,
                15.773144140839577
            ],
            "jointType": "REVOLUTE",
            "jointParams": {
                "speed": 3.158198961755261,
                "phase": 0.6830436964172595,
                "amp": 1.0752430291846393
            },
            "attachFace": 3,
            "parentOffset": [
                0.07696179547347132,
                -0.007409585034474725
            ],
            "childOffset": [
                -0.19124061162583533,
                0.2005468055140227
            ]
        },
        {
            "id": 4,
            "parentId": 3,
            "size": [
                0.457426066044718,
                0.4165026429574937,
                0.27855402550194414
            ],
            "color": "#f59e0b",
            "rotation": [
                -22.321096025407314,
                -3.688612263649702,
                -13.698488157242537
            ],
            "jointType": "SPHERICAL",
            "jointParams": {
                "speed": 3.01972539187409,
                "phase": 1.5473003134342778,
                "amp": 0.5402970910305157
            },
            "attachFace": 1,
            "parentOffset": [
                -0.0012254132423550057,
                0.11962864724919199
            ],
            "childOffset": [
                -0.10331586520187555,
                0.03616323191672566
            ]
        },
        {
            "id": 5,
            "parentId": 2,
            "size": [
                0.7955089000053704,
                0.27740298951976,
                0.2984311764826998
            ],
            "color": "#06b6d4",
            "rotation": [
                2.3025822825729847,
                -12.656105542555451,
                2.6936489203944802
            ],
            "jointType": "SPHERICAL",
            "jointParams": {
                "speed": 3.0979508163873106,
                "phase": 0.8456356988637742,
                "amp": 0.9508758499519898
            },
            "attachFace": 1,
            "parentOffset": [
                -0.019379845634102832,
                -0.09808653444051743
            ],
            "childOffset": [
                -0.13870149475988,
                -0.06974567146971822
            ]
        },
        {
            "id": 6,
            "parentId": 3,
            "size": [
                0.5557024008594453,
                0.3438430279027671,
                0.40254812233615667
            ],
            "color": "#10b981",
            "rotation": [
                -5.291421469300985,
                10.784232071600854,
                19.60630400106311
            ],
            "jointType": "SPHERICAL",
            "jointParams": {
                "speed": 5.1220914230216295,
                "phase": -0.021536304225466096,
                "amp": 0.6646362645784393
            },
            "attachFace": 5,
            "parentOffset": [
                -0.2109870179090649,
                -0.03151011178269983
            ],
            "childOffset": [
                -0.07782513103447855,
                -0.07051149643957616
            ]
        },
        {
            "id": 7,
            "parentId": 2,
            "size": [
                0.7587854967452586,
                0.29916515746153893,
                0.46007451785262676
            ],
            "color": "#3b82f6",
            "rotation": [
                -9.459907030686736,
                5.6770876701921225,
                15.082231657579541
            ],
            "jointType": "REVOLUTE",
            "jointParams": {
                "speed": 4.1170588412787765,
                "phase": 5.472878705027711,
                "amp": 0.9761097190203145
            },
            "attachFace": 3,
            "parentOffset": [
                -0.07307142782956363,
                -0.18490776540711523
            ],
            "childOffset": [
                0.12934272829443216,
                0.09511920604854823
            ]
        }
    ],
    "brain": {
        "nodes": [
            {
                "id": "s1",
                "type": "SENSOR",
                "label": "Gnd Contact",
                "activation": 0,
                "x": 0.1,
                "y": 0.2
            },
            {
                "id": "s2",
                "type": "SENSOR",
                "label": "Joint Angle",
                "activation": 0,
                "x": 0.1,
                "y": 0.5
            },
            {
                "id": "s3",
                "type": "SENSOR",
                "label": "Velocity",
                "activation": 0,
                "x": 0.1,
                "y": 0.8
            },
            {
                "id": "o1",
                "type": "OSCILLATOR",
                "label": "Clock",
                "activation": 0,
                "x": 0.1,
                "y": 0.35
            },
            {
                "id": "h0",
                "type": "NEURON",
                "label": "N0",
                "activation": 0,
                "x": 0.41887129032984377,
                "y": 0.4662149821408093
            },
            {
                "id": "h1",
                "type": "NEURON",
                "label": "N1",
                "activation": 0,
                "x": 0.558532656962052,