{
    "morphology": [
        {
            "id": 0,
            "size": [
                0.43317869640886786,
                0.4828910180134699,
                0.23624665066599848
            ],
            "color": "#10b981",
            "rotation": [
                0,
                0,
                0
            ],
            "jointType": "REVOLUTE",
            "jointParams": {
                "speed": 4.317276228684932,
                "phase": 2.757637846468191,
                "amp": 0.8341404008911921
            },
            "attachFace": 2
        },
        {
            "id": 1,
            "size": [
                0.7763556202873588,
                0.40668029617518187,
                0.47039919761009513
            ],
            "color": "#3b82f6",
            "parentId": 0,
            "rotation": [
                -4.2234946973621845,
                -1.0894475691020489,
                13.76902598887682
            ],
            "jointType": "SPHERICAL",
            "jointParams": {
                "speed": 9.367105996003374,
                "phase": 3.5115679669118216,
                "amp": 1.3486961056245492
            },
            "attachFace": 0,
            "parentOffset": [
                0.24144550900673495,
                -0.11812332533299924
            ],
            "childOffset": [
                0.1151151465717703,
                -0.1470988878281787
            ]
        },
        {
            "id": 2,
            "parentId": 0,
            "size": [
                0.5794207581318915,
                0.2970985453110188,
                0.24978500762954356
            ],
            "color": "#8b5cf6",
            "rotation": [
                -15.172627251595259,
                -6.888098185881972,
                8.412002217955887
            ],
            "jointType": "REVOLUTE",
            "jointParams": {
                "speed": 4.6932982571888715,
                "phase": 3.0391366860574025,
                "amp": 0.9929854840040206
            },
            "attachFace": 1,
            "parentOffset": [
                0.15834437119774525,
                0.04212500513531267
            ],
            "childOffset": [
                0.14843238862231375,
                -0.10987001075409351
            ]
        },
        {
            "id": 4,
            "parentId": 1,
            "size": [
                0.4776224797591567,
                0.2203599410597235,
                0.35952737657353284
            ],
            "color": "#f59e0b",
            "rotation": [
                8.089919039048254,
                -1.1438976507633924,
                -1.0821866244077682
            ],
            "jointType": "REVOLUTE",
            "jointParams": {
                "speed": 4.091160300420597,
                "phase": 2.031506166057846,
                "amp": 0.6732620811555534
            },
            "attachFace": 0,
            "parentOffset": [
                -0.11687926687300207,
                0.003602519026026152
            ],
            "childOffset": [
                0.0048902397975325584,
                0.005735443346202407
            ]
        }
    ],
    "brain": {
        "nodes": [
            {
                "id": "s1",
                "type": "SENSOR",
                "label": "Gnd Contact",
                "activation": 0,
                "x": 0.1,
                "y": 0.2
            },
            {
                "id": "s2",
                "type": "SENSOR",
                "label": "Joint Angle",
                "activation": 0,
                "x": 0.1,
                "y": 0.5
            },
            {
                "id": "s3",
                "type": "SENSOR",
                "label": "Velocity",
                "activation": 0,
                "x": 0.1,
                "y": 0.8
            },
            {
                "id": "o1",
                "type": "OSCILLATOR",
                "label": "Clock",
                "activation": 0,
                "x": 0.1,
                "y": 0.35
            },
            {
                "id": "h0",
                "type": "NEURON",
                "label": "N0",
                "activation": 0,
                "x": 0.4223987727891654,
                "y": 0.6157989431638271
            },
            {
                "id": "h1",
                "type": "NEURON",
                "label": "N1",
                "activation": 0,
                "x": 0.5145248869899661,
                "y": 0.27715492877177894
            },
            {
                "id": "h2",
                "type": "NEURON",
                "label": "N2",
                "activation": 0,
                "x": 0.4773821469862014,
                "y": 0.3202950451988727
            },
            {
                "id": "h3",
                "type": "NEURON",
                "label": "N3",
                "activation": 0,
                "x": 0.5709299453534187,
                "y": 0.3147718863561749
            },
            {
                "id": "a0",
                "type": "ACTUATOR",
                "label": "Joint 0",
                "activation": 0,
                "x": 0.9,
                "y": 0.5
            },
            {
                "id": "a2",
                "type": "ACTUATOR",
                "label": "Joint 2",
                "activation": 0,
                "x": 0.9,
                "y": 0.6999474000185728
            },
            {
                "id": "a3",
                "type": "ACTUATOR",
                "label": "Joint 3",
                "activation": 0,
                "x": 0.9,
                "y": 0.440591960772872
            },
            {
                "id": "a4",
                "type": "ACTUATOR",
                "label": "Joint 4",
                "activation": 0,
                "x": 0.9,
                "y": 0.5071395829319955
            }
        ],
        "connections": [
            {
                "source": "h0",
                "target": "h3",
                "weight": -1.508183668134734
            },
            {
                "source": "s1",
                "target": "a0",
                "weight": 0.5211623185314238
            },
            {
                "source": "h2",
                "target": "h3",
                "weight": 0.042850811150856316
            },
            {
                "source": "o1",
                "target": "h0",
                "weight": -0.08594563975930214
            },
            {
                "source": "h1",
                "target": "h0",
                "weight": 0.9863611538894475
            },
            {
                "source": "o1",
                "target": "h1",
                "weight": -0.1269366128835827
            },
            {
                "source": "s3",
                "target": "a2",
                "weight": -0.7788577461615205
            },
            {
                "source": "s3",
                "target": "h1",
                "weight": -0.35336764669045806
            },
            {
                "source": "o1",
                "target": "h2",
                "weight": 0.1396701451158151
            },
            {
                "source": "h0",
                "target": "a3",
                "weight": 0.1668425293173641
            },
            {
                "source": "s1",
                "target": "a4",
                "weight": 1.5797681803815067
            },
            {
                "source": "h3",
                "target": "a0",
                "weight": 0.8129264971939847
            }
        ]
    }
}